create database dbparcial;
use dbparcial;

create table proveedor(
	proveedor_id integer auto_increment,
    codigo varchar(10) not null,
    nombre varchar(200) not null,
    PRIMARY KEY(proveedor_id)
);

create table producto(
	producto_id integer auto_increment,
    codigo varchar(100) not null,
    descripcion varchar(2000) not null,
    activo numeric(1),
    PRIMARY KEY(producto_id)
);

create table orden_compra(
	orden_compra_id integer auto_increment,
    numero_orden varchar(20) not null,
    pedido_el timestamp not null,
    proveedor_id integer,
    PRIMARY KEY(orden_compra_id),
    FOREIGN key(proveedor_id)references proveedor(proveedor_id)
);

create table orden_compra_detalle(
	orden_compra_detalle_id integer auto_increment,
    producto_id integer not null,
    orden_compra_id integer not null,
    cantidad integer not null,
    precio_compra numeric(16,6) not null,
    observaciones varchar(2000), 
    PRIMARY KEY(orden_compra_detalle_id),
    FOREIGN KEY(producto_id)references producto(producto_id),
    FOREIGN KEY(orden_compra_id)references orden_compra(orden_compra_id)
);

INSERT INTO `proveedor` (`proveedor_id`,`codigo`,`nombre`) VALUES (1,1,"Alexis Herman"),(2,4,"Flavia Rose"),(3,7,"Griffith Fox"),(4,10,"Geraldine L. Gay"),(5,13,"Nevada R. Sawyer"),(6,16,"Noah Martinez"),(7,19,"Scarlett H. Roach"),(8,22,"Preston P. Joseph"),(9,25,"Abbot Vang"),(10,28,"Wynter Q. Wagner");
INSERT INTO `proveedor` (`proveedor_id`,`codigo`,`nombre`) VALUES (11,31,"Xyla Chambers"),(12,34,"Victoria M. Flores"),(13,37,"Zachary L. Stone"),(14,40,"Conan O. Dixon"),(15,43,"Ian Reeves"),(16,46,"Amir Acosta"),(17,49,"Brenna Case"),(18,52,"Solomon Dodson"),(19,55,"Echo King"),(20,58,"Wayne B. Best");
INSERT INTO `proveedor` (`proveedor_id`,`codigo`,`nombre`) VALUES (21,61,"Linus Rodriquez"),(22,64,"Clare Cardenas"),(23,67,"Jessica Rojas"),(24,70,"Kirestin G. Pacheco"),(25,73,"Macey Y. Spence"),(26,76,"Troy Prince"),(27,79,"James Wright"),(28,82,"Charles U. Maxwell"),(29,85,"Deanna Navarro"),(30,88,"Rhoda K. Stark");
INSERT INTO `proveedor` (`proveedor_id`,`codigo`,`nombre`) VALUES (31,91,"Emmanuel Mcmahon"),(32,94,"Giacomo F. Cunningham"),(33,97,"Thomas Ford"),(34,100,"Ivory Gordon"),(35,103,"Emi Sutton"),(36,106,"Jordan Oconnor"),(37,109,"Hadley G. Bradford"),(38,112,"Porter O. Jones"),(39,115,"Tyrone I. Cherry"),(40,118,"Clinton Z. Madden");
INSERT INTO `proveedor` (`proveedor_id`,`codigo`,`nombre`) VALUES (41,121,"Roanna E. Delgado"),(42,124,"Aristotle P. Weeks"),(43,127,"Sacha Christian"),(44,130,"Carlos Sloan"),(45,133,"Jesse W. Lowe"),(46,136,"Nevada R. Yang"),(47,139,"Gareth J. Salazar"),(48,142,"Maggy Lang"),(49,145,"Lacota F. Merrill"),(50,148,"Yvette Colon");
INSERT INTO `proveedor` (`proveedor_id`,`codigo`,`nombre`) VALUES (51,151,"Zenaida V. Barrett"),(52,154,"Isaiah Norris"),(53,157,"Drew F. Goodman"),(54,160,"Kaseem Herman"),(55,163,"Aurelia R. Stout"),(56,166,"Shaine Solomon"),(57,169,"Keelie Nelson"),(58,172,"Fritz Frye"),(59,175,"Madeline Perez"),(60,178,"Maxwell H. Ballard");
INSERT INTO `proveedor` (`proveedor_id`,`codigo`,`nombre`) VALUES (61,181,"Mufutau Castaneda"),(62,184,"Wang N. Meyer"),(63,187,"Palmer Q. Diaz"),(64,190,"Germaine Warner"),(65,193,"Branden R. Pratt"),(66,196,"Quintessa E. Larson"),(67,199,"Pandora Blanchard"),(68,202,"Cassandra P. Clements"),(69,205,"Francis Clayton"),(70,208,"Destiny C. Ratliff");
INSERT INTO `proveedor` (`proveedor_id`,`codigo`,`nombre`) VALUES (71,211,"Felix Walsh"),(72,214,"Dennis Z. Sweeney"),(73,217,"Warren N. King"),(74,220,"Zoe F. Oconnor"),(75,223,"Axel H. Clark"),(76,226,"Emerson Rivers"),(77,229,"Harper Holden"),(78,232,"Dean Nieves"),(79,235,"Denton Watkins"),(80,238,"Kay Rhodes");
INSERT INTO `proveedor` (`proveedor_id`,`codigo`,`nombre`) VALUES (81,241,"Quemby Heath"),(82,244,"Guy K. Hodges"),(83,247,"Moana W. Ware"),(84,250,"Violet T. Larson"),(85,253,"Cullen O. Wallace"),(86,256,"Lila W. Rodgers"),(87,259,"Clayton W. Wade"),(88,262,"Fulton R. Gaines"),(89,265,"Aretha Harris"),(90,268,"Josephine Copeland");
INSERT INTO `proveedor` (`proveedor_id`,`codigo`,`nombre`) VALUES (91,271,"Meredith Burns"),(92,274,"Bradley Hart"),(93,277,"Sacha West"),(94,280,"Lars Booth"),(95,283,"Elton X. Burnett"),(96,286,"Theodore B. Sparks"),(97,289,"Darius X. Jacobs"),(98,292,"Yasir L. Arnold"),(99,295,"Reuben J. Joyce"),(100,298,"Levi Burch");


INSERT INTO `producto` (`producto_id`,`codigo`,`descripcion`,`activo`) VALUES (1,1,"penatibus et magnis dis parturient","1"),(2,4,"mauris sagittis","0"),(3,7,"ipsum non arcu. Vivamus sit","0"),(4,10,"ornare tortor at risus. Nunc ac sem","0"),(5,13,"tortor at risus. Nunc ac","1"),(6,16,"fringilla purus mauris","1"),(7,19,"vel pede blandit","1"),(8,22,"nunc","1"),(9,25,"placerat, augue. Sed molestie. Sed","0"),(10,28,"est arcu ac orci. Ut semper pretium","0");
INSERT INTO `producto` (`producto_id`,`codigo`,`descripcion`,`activo`) VALUES (11,31,"risus. Quisque libero lacus, varius et, euismod et, commodo","0"),(12,34,"et libero. Proin","1"),(13,37,"Cras eget nisi dictum","1"),(14,40,"dictum eu, eleifend nec, malesuada ut, sem. Nulla","0"),(15,43,"sodales purus, in molestie tortor","0"),(16,46,"massa. Suspendisse eleifend. Cras sed leo. Cras vehicula","0"),(17,49,"nascetur ridiculus mus. Aenean eget magna. Suspendisse tristique neque","1"),(18,52,"venenatis vel, faucibus id, libero. Donec consectetuer mauris id sapien.","0"),(19,55,"Vivamus euismod urna. Nullam lobortis quam a felis ullamcorper","1"),(20,58,"condimentum.","1");
INSERT INTO `producto` (`producto_id`,`codigo`,`descripcion`,`activo`) VALUES (21,61,"Donec non justo. Proin non massa non ante bibendum ullamcorper.","0"),(22,64,"orci lobortis augue scelerisque mollis. Phasellus libero mauris,","1"),(23,67,"Ut sagittis lobortis mauris. Suspendisse","1"),(24,70,"Donec tempor, est ac mattis semper, dui","1"),(25,73,"Etiam ligula tortor, dictum eu,","0"),(26,76,"ipsum. Curabitur consequat,","1"),(27,79,"purus gravida sagittis. Duis gravida. Praesent","1"),(28,82,"non, sollicitudin a, malesuada id, erat. Etiam vestibulum massa","0"),(29,85,"adipiscing lacus. Ut","1"),(30,88,"mauris, aliquam eu, accumsan","0");
INSERT INTO `producto` (`producto_id`,`codigo`,`descripcion`,`activo`) VALUES (31,91,"et","1"),(32,94,"dictum sapien. Aenean massa. Integer vitae nibh. Donec est","0"),(33,97,"neque. Nullam nisl. Maecenas","0"),(34,100,"Cras","1"),(35,103,"elit, pretium et, rutrum","1"),(36,106,"dolor dolor, tempus non, lacinia at, iaculis quis, pede. Praesent","0"),(37,109,"et magnis dis parturient montes, nascetur ridiculus mus.","0"),(38,112,"consequat auctor,","0"),(39,115,"Cras","1"),(40,118,"Duis mi enim, condimentum eget, volutpat ornare, facilisis","0");
INSERT INTO `producto` (`producto_id`,`codigo`,`descripcion`,`activo`) VALUES (41,121,"lobortis quis, pede. Suspendisse dui. Fusce diam nunc, ullamcorper","1"),(42,124,"neque pellentesque massa lobortis","0"),(43,127,"ullamcorper viverra. Maecenas iaculis aliquet diam. Sed diam lorem, auctor","0"),(44,130,"Aliquam erat volutpat. Nulla facilisis. Suspendisse commodo tincidunt","0"),(45,133,"Donec","0"),(46,136,"senectus et netus et malesuada","0"),(47,139,"Donec felis orci,","1"),(48,142,"sagittis lobortis","1"),(49,145,"convallis in, cursus et, eros. Proin ultrices.","0"),(50,148,"varius. Nam","1");
INSERT INTO `producto` (`producto_id`,`codigo`,`descripcion`,`activo`) VALUES (51,151,"est, mollis","0"),(52,154,"tellus faucibus leo, in lobortis tellus justo sit amet","0"),(53,157,"cursus. Nunc mauris elit, dictum eu, eleifend","1"),(54,160,"Aenean euismod mauris eu elit. Nulla facilisi. Sed","0"),(55,163,"faucibus ut, nulla. Cras eu tellus eu","0"),(56,166,"Aliquam ultrices iaculis odio. Nam interdum enim non nisi.","1"),(57,169,"Aliquam ultrices","0"),(58,172,"dignissim pharetra. Nam ac nulla. In tincidunt congue","1"),(59,175,"Quisque purus sapien, gravida non, sollicitudin a, malesuada id, erat.","0"),(60,178,"lacus. Ut nec urna et arcu","1");
INSERT INTO `producto` (`producto_id`,`codigo`,`descripcion`,`activo`) VALUES (61,181,"Morbi vehicula. Pellentesque tincidunt","0"),(62,184,"nulla. In","0"),(63,187,"egestas a, scelerisque sed, sapien. Nunc","0"),(64,190,"Morbi metus. Vivamus","1"),(65,193,"ac ipsum. Phasellus vitae mauris sit","1"),(66,196,"Curabitur sed tortor.","0"),(67,199,"et","0"),(68,202,"eget magna. Suspendisse tristique","0"),(69,205,"hendrerit a, arcu. Sed et libero. Proin mi.","1"),(70,208,"orci, adipiscing non, luctus","1");
INSERT INTO `producto` (`producto_id`,`codigo`,`descripcion`,`activo`) VALUES (71,211,"egestas. Fusce","1"),(72,214,"diam. Proin dolor. Nulla","0"),(73,217,"malesuada fames ac turpis egestas. Fusce aliquet magna","1"),(74,220,"vehicula et, rutrum eu, ultrices sit amet, risus. Donec","1"),(75,223,"magna. Lorem ipsum dolor sit amet, consectetuer adipiscing elit.","0"),(76,226,"Nunc pulvinar arcu et pede. Nunc sed orci","0"),(77,229,"non dui nec urna","0"),(78,232,"consequat purus. Maecenas libero est, congue a, aliquet","1"),(79,235,"ligula consectetuer rhoncus. Nullam velit dui, semper","1"),(80,238,"tellus eu augue porttitor interdum. Sed auctor odio a","0");
INSERT INTO `producto` (`producto_id`,`codigo`,`descripcion`,`activo`) VALUES (81,241,"Sed et libero.","0"),(82,244,"posuere cubilia Curae; Phasellus ornare. Fusce mollis. Duis","0"),(83,247,"feugiat. Sed nec","1"),(84,250,"luctus ut, pellentesque eget, dictum placerat, augue. Sed molestie. Sed","0"),(85,253,"diam at pretium aliquet, metus urna convallis erat, eget tincidunt","0"),(86,256,"Cras","0"),(87,259,"ipsum. Suspendisse non leo. Vivamus nibh dolor, nonummy ac,","1"),(88,262,"elementum, dui quis accumsan convallis, ante","0"),(89,265,"turpis. In condimentum. Donec","0"),(90,268,"cursus","0");
INSERT INTO `producto` (`producto_id`,`codigo`,`descripcion`,`activo`) VALUES (91,271,"arcu. Sed et libero.","0"),(92,274,"interdum enim non","1"),(93,277,"pede sagittis augue, eu tempor erat neque","0"),(94,280,"in faucibus orci luctus","1"),(95,283,"risus a ultricies adipiscing, enim mi tempor lorem, eget","1"),(96,286,"mauris, rhoncus id,","1"),(97,289,"mauris, aliquam eu,","0"),(98,292,"viverra. Donec tempus, lorem fringilla ornare placerat, orci lacus","1"),(99,295,"a, dui.","0"),(100,298,"Sed malesuada augue ut","1");


INSERT INTO `orden_compra` (`orden_compra_id`,`numero_orden`,`pedido_el`,`proveedor_id`) VALUES (1,1,"25-11-19",1),(2,4,"14-08-19",2),(3,7,"09-08-19",3),(4,10,"09-01-20",4),(5,13,"26-06-20",5),(6,16,"15-12-18",6),(7,19,"07-02-20",7),(8,22,"24-04-20",8),(9,25,"22-04-20",9),(10,28,"01-06-19",10);
INSERT INTO `orden_compra` (`orden_compra_id`,`numero_orden`,`pedido_el`,`proveedor_id`) VALUES (11,31,"15-05-19",11),(12,34,"16-10-20",12),(13,37,"24-08-20",13),(14,40,"29-02-20",14),(15,43,"08-12-19",15),(16,46,"11-12-18",16),(17,49,"05-08-20",17),(18,52,"25-02-20",18),(19,55,"02-10-19",19),(20,58,"26-11-19",20);
INSERT INTO `orden_compra` (`orden_compra_id`,`numero_orden`,`pedido_el`,`proveedor_id`) VALUES (21,61,"18-10-19",21),(22,64,"08-01-19",22),(23,67,"25-12-18",23),(24,70,"21-12-18",24),(25,73,"28-02-20",25),(26,76,"09-06-19",26),(27,79,"29-06-19",27),(28,82,"02-09-20",28),(29,85,"04-05-19",29),(30,88,"12-11-20",30);
INSERT INTO `orden_compra` (`orden_compra_id`,`numero_orden`,`pedido_el`,`proveedor_id`) VALUES (31,91,"28-02-20",31),(32,94,"02-03-20",32),(33,97,"17-03-19",33),(34,100,"26-03-19",34),(35,103,"29-08-19",35),(36,106,"17-04-19",36),(37,109,"21-10-19",37),(38,112,"22-10-20",38),(39,115,"11-11-20",39),(40,118,"11-06-19",40);
INSERT INTO `orden_compra` (`orden_compra_id`,`numero_orden`,`pedido_el`,`proveedor_id`) VALUES (41,121,"24-03-19",41),(42,124,"21-08-20",42),(43,127,"01-03-20",43),(44,130,"01-01-20",44),(45,133,"16-08-19",45),(46,136,"27-02-19",46),(47,139,"10-05-20",47),(48,142,"10-10-19",48),(49,145,"04-02-20",49),(50,148,"13-04-19",50);
INSERT INTO `orden_compra` (`orden_compra_id`,`numero_orden`,`pedido_el`,`proveedor_id`) VALUES (51,151,"17-02-19",51),(52,154,"08-11-19",52),(53,157,"25-05-20",53),(54,160,"11-04-19",54),(55,163,"04-02-19",55),(56,166,"01-12-19",56),(57,169,"30-05-20",57),(58,172,"24-10-19",58),(59,175,"31-08-20",59),(60,178,"26-07-20",60);
INSERT INTO `orden_compra` (`orden_compra_id`,`numero_orden`,`pedido_el`,`proveedor_id`) VALUES (61,181,"20-09-19",61),(62,184,"22-05-20",62),(63,187,"08-10-20",63),(64,190,"29-06-19",64),(65,193,"09-12-18",65),(66,196,"09-10-20",66),(67,199,"10-05-19",67),(68,202,"10-11-19",68),(69,205,"18-06-19",69),(70,208,"05-09-20",70);
INSERT INTO `orden_compra` (`orden_compra_id`,`numero_orden`,`pedido_el`,`proveedor_id`) VALUES (71,211,"23-01-19",71),(72,214,"03-09-20",72),(73,217,"20-02-19",73),(74,220,"12-07-20",74),(75,223,"12-03-20",75),(76,226,"25-12-19",76),(77,229,"04-04-20",77),(78,232,"05-11-19",78),(79,235,"23-02-20",79),(80,238,"04-06-19",80);
INSERT INTO `orden_compra` (`orden_compra_id`,`numero_orden`,`pedido_el`,`proveedor_id`) VALUES (81,241,"05-07-19",81),(82,244,"26-05-20",82),(83,247,"10-06-20",83),(84,250,"25-09-19",84),(85,253,"01-12-19",85),(86,256,"17-08-19",86),(87,259,"26-01-20",87),(88,262,"28-07-19",88),(89,265,"24-05-20",89),(90,268,"28-09-19",90);
INSERT INTO `orden_compra` (`orden_compra_id`,`numero_orden`,`pedido_el`,`proveedor_id`) VALUES (91,271,"26-07-19",91),(92,274,"10-12-18",92),(93,277,"29-07-19",93),(94,280,"11-12-19",94),(95,283,"22-04-19",95),(96,286,"19-02-19",96),(97,289,"22-11-20",97),(98,292,"21-05-19",98),(99,295,"29-09-20",99),(100,298,"08-11-20",100);
INSERT INTO `orden_compra` (`orden_compra_id`,`numero_orden`,`pedido_el`,`proveedor_id`) VALUES (101,271,"26-07-19",91),(102,274,"10-12-18",92),(103,277,"29-07-19",93),(104,280,"11-12-19",4),(105,283,"22-04-19",4),(106,286,"19-02-19",4),(107,289,"22-11-20",4),(108,292,"21-05-19",4),(109,295,"29-09-20",4),(110,298,"08-11-20",4);

INSERT INTO `orden_compra_detalle` (`producto_id`,`cantidad`,`precio_compra`,`observaciones`,`orden_compra_id`) VALUES (1,"20","5.345","Vehicula Pellentesque Tincidunt Corp.",1),(2,"47","8.820","Odio Vel LLC",2),(3,"13","8.028","Velit Institute",3),(4,"90","6.668","Cum Sociis LLC",4),(5,"45","8.349","Penatibus Et LLC",5),(6,"09","5.949","Duis Associates",6),(7,"83","7.397","Nulla Ante Iaculis LLP",7),(8,"34","9.042","Eu Augue Porttitor Consulting",8),(9,"09","6.519","Elit Elit PC",9),(10,"40","5.830","Mattis LLP",10);
INSERT INTO `orden_compra_detalle` (`producto_id`,`cantidad`,`precio_compra`,`observaciones`,`orden_compra_id`) VALUES (11,"57","7.846","Cursus Industries",11),(12,"79","8.210","Justo Praesent Corporation",12),(13,"99","9.105","Ullamcorper Duis Associates",13),(14,"97","7.131","Eu Corporation",14),(15,"75","5.411","Odio Tristique LLP",15),(16,"34","8.815","Lacinia Mattis Industries",16),(17,"05","7.671","Bibendum Associates",17),(18,"99","9.884","Massa Non Company",18),(19,"47","5.536","Ridiculus Industries",19),(20,"44","5.523","Sed Turpis Nec Industries",20);
INSERT INTO `orden_compra_detalle` (`producto_id`,`cantidad`,`precio_compra`,`observaciones`,`orden_compra_id`) VALUES (21,"82","8.004","Adipiscing LLP",21),(22,"85","5.853","Sit Amet Consulting",22),(23,"99","5.089","Arcu Curabitur Inc.",23),(24,"56","7.617","Eleifend Cras Industries",24),(25,"23","8.358","Pretium Ltd",25),(26,"17","7.615","Magna Sed Institute",26),(27,"16","6.273","Mattis Cras Eget Corp.",27),(28,"94","8.080","Arcu Associates",28),(29,"60","6.065","Magnis Dis PC",29),(30,"02","7.943","Vivamus Consulting",30);
INSERT INTO `orden_compra_detalle` (`producto_id`,`cantidad`,`precio_compra`,`observaciones`,`orden_compra_id`) VALUES (31,"54","5.291","Est Corp.",31),(32,"11","5.739","Cras Sed Leo Corporation",32),(33,"02","7.967","Sed Auctor Institute",33),(34,"76","8.715","Velit Sed Malesuada Associates",34),(35,"27","7.814","Ut Foundation",35),(36,"53","5.388","Ac Feugiat Ltd",36),(37,"98","5.125","Vitae Nibh Donec Industries",37),(38,"55","6.760","Elit Curabitur Ltd",38),(39,"59","7.132","Donec Consectetuer Mauris Corp.",39),(40,"00","6.550","Mi Pede Foundation",40);
INSERT INTO `orden_compra_detalle` (`producto_id`,`cantidad`,`precio_compra`,`observaciones`,`orden_compra_id`) VALUES (41,"23","7.979","Morbi Non Institute",41),(42,"67","6.078","Nonummy Foundation",42),(43,"46","7.553","Etiam Consulting",43),(44,"33","8.460","Eget Massa Institute",44),(45,"22","6.219","Integer Sem Elit Foundation",45),(46,"43","7.482","Donec LLC",46),(47,"24","5.483","Aliquam Fringilla Cursus Corporation",47),(48,"45","9.607","Donec Tincidunt Institute",48),(49,"61","7.409","Posuere Vulputate Institute",49),(50,"01","6.309","Lobortis Augue Scelerisque Incorporated",50);
INSERT INTO `orden_compra_detalle` (`producto_id`,`cantidad`,`precio_compra`,`observaciones`,`orden_compra_id`) VALUES (51,"33","6.156","Adipiscing Enim LLC",51),(52,"95","7.298","Eget Consulting",52),(53,"83","7.365","Nonummy Ac Corporation",53),(54,"65","6.196","Felis PC",54),(55,"38","6.467","Lectus Rutrum Ltd",55),(56,"67","8.100","Amet Limited",56),(57,"05","5.118","Eleifend Company",57),(58,"87","6.267","Ipsum Non Arcu Foundation",58),(59,"95","9.089","Vitae Semper Egestas LLP",59),(60,"95","9.682","Montes LLP",60);
INSERT INTO `orden_compra_detalle` (`producto_id`,`cantidad`,`precio_compra`,`observaciones`,`orden_compra_id`) VALUES (61,"64","5.433","Dapibus Limited",61),(62,"07","5.474","Enim Condimentum Industries",62),(63,"38","6.824","Phasellus Associates",63),(64,"33","8.995","Bibendum Fermentum PC",64),(65,"53","9.766","Pellentesque Habitant Morbi PC",65),(66,"99","6.346","Auctor Limited",66),(67,"98","7.105","Quis Industries",67),(68,"30","6.563","Cursus LLC",68),(69,"71","5.915","Fermentum Fermentum Limited",69),(70,"38","9.254","Ornare Facilisis PC",70);
INSERT INTO `orden_compra_detalle` (`producto_id`,`cantidad`,`precio_compra`,`observaciones`,`orden_compra_id`) VALUES (71,"94","7.719","Euismod Ltd",71),(72,"22","6.520","Tincidunt LLC",72),(73,"85","6.828","Praesent Corp.",73),(74,"17","7.017","Nec Tempus Mauris Inc.",74),(75,"19","9.681","Amet Ultricies Corporation",75),(76,"16","5.288","Eu Ltd",76),(77,"85","8.192","Phasellus In Incorporated",77),(78,"52","9.380","Enim Nunc Ut Corporation",78),(79,"12","6.035","Felis Adipiscing Fringilla Ltd",79),(80,"47","6.190","Tincidunt Nibh Foundation",80);
INSERT INTO `orden_compra_detalle` (`producto_id`,`cantidad`,`precio_compra`,`observaciones`,`orden_compra_id`) VALUES (81,"17","6.974","Et Magna Praesent Corp.",81),(82,"61","5.705","Dui Augue Eu PC",82),(83,"48","9.099","Pede Ltd",83),(84,"06","9.896","A Facilisis Corporation",84),(85,"72","7.940","Cursus In Hendrerit Limited",85),(86,"32","9.082","Sed Associates",86),(87,"13","8.372","Aliquam Ornare Libero PC",87),(88,"84","9.426","Sit Amet Foundation",88),(89,"70","7.071","Pede Malesuada Vel PC",89),(90,"83","8.566","Ac Eleifend Corporation",90);
INSERT INTO `orden_compra_detalle` (`producto_id`,`cantidad`,`precio_compra`,`observaciones`,`orden_compra_id`) VALUES (91,"08","9.586","Laoreet Libero Inc.",91),(92,"07","6.009","Dui Inc.",92),(93,"49","6.413","Magna Praesent Inc.",93),(94,"66","9.739","Phasellus LLP",94),(95,"18","9.150","Orci Corp.",95),(96,"28","5.928","Phasellus LLP",96),(97,"98","5.806","Sed Company",97),(98,"18","8.443","Pellentesque Ut Inc.",98),(99,"04","6.685","Et Incorporated",99),(100,"04","9.439","Lorem Luctus Ut Incorporated",100);

SELECT * FROM proveedor;
SELECT * FROM producto;
SELECT * FROM orden_compra;
SELECT * FROM orden_compra_detalle;